theta_1, theta_2
 8498.275988, -0.021436